data1,data2
Cindra,Ludlamme
Edward,Skipperbottom
Link,Krysztowczyk
Rollin,Bust
Bucky,Ferrillo
Syd,Leibold
Deirdre,Grinston
Quint,Alkin
Lin,Wooldridge
Malvina,Pate
Zitella,Penrith
Dulciana,Twine
Fidela,Orteu
Nev,Eckhard
Keslie,Rother
Mary,Chavrin
Claudine,Leipoldt
Ethyl,Blaschke
Dedie,Konert
Rubia,Mc Caughen
Alden,Degenhardt
Marjorie,Coushe
Cletus,Simonnot
Hugo,Dancey
Emelen,Blei
Zachary,Gaber
Maggi,Diable
Duff,Ricoald
Kare,Neilson
Mame,Crackel
Lari,Bain
Kalil,Lill
Em,McNay
Lana,Valiant
Rogers,Devigne
Ange,Karp
Ruy,Lornsen
Wilmar,Deverall
Shadow,Swinnerton
Egbert,Mixter
Geoffrey,Fritz
Anselma,Rowlinson
Kaitlin,Liggons
Johnath,Goodered
Elyn,Sporle
Christiano,Clissold
Rosabella,Cotesford
Dolph,Gilbey
Wanids,Hogsden
Klemens,Butterly
Sheryl,Maggorini
Konstanze,Bails
Shea,Langham
Tremayne,Trodden
Vincenz,Broadbear
Anita,Backhouse
Odessa,Carey
Gayel,Fairhurst
Hilliard,Kiloh
Janaya,Youngman
Zahara,Jollands
Kay,Ealam
Ingaberg,Oak
Ronnie,Condliffe
Hedwig,Rimell
Nedda,Cannicott
Winn,Olivetta
Gaye,Glackin
Paulita,Wenden
Corabella,Winnister
Karlen,Shelmerdine
Crissy,Pie
Ula,Pietersma
Jerome,Vasyuchov
Jay,MacBrearty
Lauree,Oneil
Joelle,Romney
Annecorinne,Brimman
Curtis,Avis
Whitman,Beuscher
Marsh,Mearing
Pearline,Gaudin
Elisa,McKaile
Frederigo,Derges
Christopher,Goldthorp
Foss,Wetherald
Charmain,Lilburne
Skipp,Adolfson
Shurwood,Kitching
Hasheem,Benge
Joya,Craythorn
Maryl,Saltern
Ambrose,Karpenya
Raynell,Dalling
Traci,Vicarey
Kelley,Getten
Kristina,Funcheon
Peder,Dilrew
Cori,Daborn
Madella,Gowers
Briant,Joisce
Khalil,Lamboll
Reine,O'Cahey
Yulma,Havard
Saundra,Nixon
Christabel,Brimmicombe
Chalmers,Fanner
Anitra,Oulett
Douglas,Bacup
Ardyce,While
Gaylene,Limeburn
Dasie,Wines
Dahlia,Rottenbury
Doloritas,Stroyan
Odelia,Muncaster
Kelila,Skipsey
Debbie,Mowat
Luciana,Titchard
Bartholomeus,Blair
Gerry,Bonham
Adrianna,Embury
Bendite,Moyle
Reinold,Loftus
Loren,Wingate
Rosalie,Frankton
Lizzie,Dossettor
Matthiew,Winspear
Edvard,Dargue
Avril,Mum
Dag,Silveston
Burch,Rampley
Katrina,Collinwood
Pat,Wayvill
Fae,Union
Myrtle,Allitt
Domini,Dibble
Josepha,Kent
Bert,Boncoeur
Maddi,Rops
Beverlee,Conkie
Roscoe,Dubois
Krisha,Haslewood
Katleen,Arendsen
Annabal,Heningham
Willy,Cluitt
Godart,Meeks
Gawen,Friedenbach
Stephani,Pigne
Bibbie,Seth
Demetri,Bellefant
Osmond,Lowe
Rosemarie,Lewsie
Brion,Jerdon
Jody,Arsmith
Oriana,Morant
Joanne,Drowsfield
Jourdan,Matzel
Aimil,Capun
Pierrette,Cheeseman
Heindrick,Cottage
Lucas,Iannazzi
Archie,Itzhaiek
Sheela,Soldner
Karim,Tomik
Spence,Sharrock
Jareb,Dreng
Ciel,Krug
Adolf,Dows
Sally,Feetham
Jeannine,Johnsee
Skelly,Harcourt
Sarene,Matusov
Terza,Pinnick
Garry,Exelby
Paige,Dundredge
Shea,Rampage
Roshelle,Godfray
Madelon,Stanett
Sunshine,Akaster
Erma,Crielly
Raffarty,Thewlis
Carly,Rojahn
Kermie,Godbehere
Jesselyn,Fereday
Lazare,Corris
Darill,Curtin
Tobi,MacCartan
Diena,Carnew
Gerri,Rennick
Chaddy,Churchouse
Josh,Cherry Holme
Reid,Passie
Evin,Hunnybun
Ranee,Bick
Jeremias,Stancliffe
Ofella,Pietrzyk
Lilah,Denzilow
Manon,Dran
Jodi,Benezet
Rorke,Lippingwell
Loralie,Coull
Dilly,Bullocke
Colman,Mathevet
Henrieta,McFadin
Darice,Spellissy
Debbi,Spinozzi
Sigismond,Hargate
Trenton,Rodenburg
Timofei,Summerbell
Brook,Dury
Shannen,Priddy
Lemuel,Pocklington
Kori,Boxall
Raymund,Kohtler
Nelie,Silkstone
Colin,McMillan
Dael,Frisby
Elias,Brawson
Reginald,Crawshay
Bernadina,Bellingham
Hebert,Yaxley
Betteann,Lansley
Craggy,Plain
Asher,Palle
Vernon,Demangel
Kerry,Glancy
Obediah,Stockport
Anica,Kamen
Tannie,Kohring
Livvyy,Lidgey
Obed,Cisland
Lara,Cullinane
Sandy,Hulland
Lilith,Brickdale
Reeva,Leydon
Fonz,Tansill
Heywood,Jentzsch
Lee,Diboll
Jeromy,Darthe
Ursulina,Menichino
Gwynne,Balbeck
Kirby,Saunper
Tam,Tollady
Jodi,Ovitts
Seumas,Zaniolo
Arte,Skidmore
Aubrette,Fearfull
Sybyl,Sinnett
Marylynne,Sears
Valdemar,Huglin
Malvina,Dunstall
Karna,Coleford
Nicola,Gouley
Kip,Scrinage
Markus,Pancoast
Noble,Gretton
Dorolice,Airlie
Vinnie,Grayer
Gretel,Andraud
Layton,Gorch
Ericha,McAvaddy
Darleen,Blacklock
Mary,Tother
Lisetta,Dancey
Tania,Kubasiewicz
Phillida,Ickovitz
Rosabella,Coomer
Mercy,Symington
Ezri,Bromehed
Gibbie,Leele
Carmon,Coe
Darb,Petto
Ludovika,Kelinge
Jaquelyn,Grundle
Stephie,Ivery
Darill,Whebell
Gaspard,Mellsop
Maura,Doerren
Wallache,Jurges
Gabriel,Roberto
Les,Schrieves
Cecilio,Thody
Mollee,Pitbladdo
Mic,Waddilove
Niels,Maffiotti
Keslie,Kornyshev
Elsinore,Whight
Renato,Bemand
Wake,Espadater
Booth,Spray
Prentiss,Iskower
Ulick,Kruse
Ruthann,McNeish
Noel,Buddell
Evangelin,Genge
Borg,Mariet
Bar,Fawcus
Orv,Menego
Sheila-kathryn,Machans
Guthrey,Brittle
Charmine,Degan
Clo,Halsted
Waneta,Sutch
Jamal,Prince
Innis,Bailey
Evelyn,Hambatch
Jasmine,Emmett
Cristal,Broodes
Chastity,Try
Erminie,Simonazzi
Nadeen,Abrahm
Zebedee,Harfleet
Allin,Callander
Rhonda,Tarquini
Irina,Fishbie
Hale,Tinkham
Lorena,Del Dello
Woody,Otham
Barnabe,Kalisch
Ede,Tremontana
Jami,Greveson
Renell,Sutcliff
Lianne,Philipson
Morgen,Frodsam
Jareb,Guinn
Jessa,Ransfield
Minnaminnie,Tebbut
Cletus,Brockington
Alyda,Baxstar
Sibylle,Cordon
Hermine,Bolzen
Malissia,Quarrington
Bartram,Hawkswell
Ossie,Yesenin
Dael,Vallentin
Allx,Bellhouse
Cindy,Baldry
Natassia,Lettington
Barbee,Mothersole
Tracey,Blundon
Sande,Schole
Latashia,Tonry
Pearle,Baffin
Janot,Dunsmuir
Dick,Rogge
Ralph,Real
Cindra,Rendbaek
Sandie,McEwan
Kacie,Braganza
Rosco,Candlin
Cornell,Windus
Celeste,MacDearmaid
Noe,Dottrell
Ranee,Fears
Celinda,Baff
Ulberto,Husbands
Gwennie,Schirach
Janine,Loghan
Sharia,Guillot
Cordy,Rosewell
Orv,Hebborne
Viviyan,Lantiff
Anastassia,Stummeyer
Florida,Buist
Gordy,Condliffe
Arney,Housegoe
Willy,Pedrocco
Deborah,Paskerful
Ann-marie,Machan
Velvet,Chappel
Mollee,O' Hanvey
Minerva,Jahnel
Windham,Villaret
Eunice,Powles
Grantham,Spadotto
Kippy,Auckland
Becki,Norris
Mariellen,Hubert
Berte,Seller
Roby,Stellin
Janek,Woolward
Jenna,Buncher
Skip,Thurstan
Gerti,Connors
Devlin,Maybury
Alexi,Laver
Ethan,Ingree
Oliy,Cowap
Tim,Whightman
Tonnie,Bulman
Mommy,Taggerty
Ernesta,Heathfield
Karna,Kettel
Silva,Willson
Norri,Givens
Cammi,Pillinger
Konstanze,Rhoades
Lynnett,Wolsey
Huntley,Vanshin
Burtie,Rosenbloom
Wait,Cunliffe
Heinrick,MacGragh
Milt,Huban
Darya,Calderwood
Alexandros,Monan
Darb,Sydenham
Berta,Balchin
Leeanne,Grahlmans
Polly,Thornber
Amye,Seamon
Barclay,Dilger
Bevin,Corran
Anny,Gregorowicz
Guenna,Dawes
Kermit,Horbart
Leone,Menpes
Lock,Yeabsley
Tori,Kneebone
Casandra,Summerscales
Melicent,Kingshott
Ruddy,Vanichkin
Orelia,Tidmas
Krissy,Caffery
Chrissie,Guard
Goldie,Peachman
Craggie,Dealy
Enrica,Kruschev
Petey,Fane
Car,Barbosa
Briggs,McPhelimy
Nev,Knowles
Conny,Ledamun
Obed,Pfaffel
Kettie,Brimblecombe
Yasmeen,Sawfoot
Vitia,Whylie
Wilone,Glaisner
Lucille,Andrysek
Hall,Pinkerton
Bucky,Durnin
Giovanni,Hannabus
Mal,Bowley
Floris,Palombi
Greggory,Turnock
Retha,Alkins
Natty,Ridpath
Leigh,Dat
Johann,Lukins
Asa,Oneill
Bradford,Taffarello
Gayler,Duffin
Dwight,Wildber
Rivalee,Goodby
Luigi,Cobbe
Filberte,D'Ambrogi
Arnold,Blazynski
Griswold,Adderson
Esme,Baugh
Kimbell,Goffe
Brook,Edensor
Lenora,Blouet
Karel,Pechet
Leslie,Ecclesall
Dominique,Teece
Nancy,Sherbrooke
Haven,Lemin
Maribeth,Murt
Neilla,Brickhill
Malinde,Rowlett
Alysa,Reimer
Bordie,Goggin
Lev,Nuscha
Faun,Wakefield
Lanie,Tieraney
Benjy,Pattemore
Dion,Leaves
Porter,Yakolev
Debra,Romain
Elly,De Francesco
Pansy,Hannigane
Ange,Maguire
Lita,Castiglio
Leopold,Crawshaw
Elizabeth,Minillo
Daisi,Tilliards
Byram,Baldini
Angel,Mathison
Lorilee,Garvill
Anna-diane,Norledge
Fairfax,Maryan
Cecilius,Lux
Nanine,Newtown
Adamo,Dolden
Shelagh,Drover
Beret,Tellwright
Zelda,Endricci
Bette,Migheli
Garnette,Greggor
Robin,Ebhardt
Shena,Pirri
Germayne,Camillo
Ondrea,Maus
Dorena,Alenichev
Andeee,Deuss
Courtenay,Beak
Kaleena,Kynson
Garrik,Sappy
Allyn,Orht
Romain,Cassam
Dasie,Franks
Elke,Renahan
Freeland,Hanington
Devin,Pilmore
Olly,Chape
Rickie,Shadwick
Cher,Rodgerson
Doris,Apple
Ricard,Benyon
Felizio,Copello
Alvy,Bolesworth
Howard,Vanyutin
Julissa,Pinwell
Erskine,Mettetal
Nicolais,Weatherall
Ursula,Van Hesteren
Juditha,Swanbourne
Annabel,Heffron
Mayne,Ranken
Delaney,Uppett
Emerson,Dunniom
Louis,Villar
Margarita,Biset
Jodee,Friel
Sim,Di Gregorio
Stacie,Leabeater
Dael,Meldrum
Courtnay,Cressar
Allard,Tatlowe
Frank,Van Saltsberg
Sallee,Gretham
Mitchel,Elgy
Kristian,Worviell
Godwin,Carpenter
Riane,Blague
Kip,Peterffy
Teddi,McQuaker
Brennen,Delnevo
Petronille,Spollen
Freemon,Ludwig
Timi,Chevin
Garrik,Mercer
Caria,Cleve
Dagmar,Novacek
Phebe,Aslam
Karon,Sambidge
Kaylee,Cudihy
Romona,Giacomozzo
Sibby,Clarridge
Jamal,Meek
Esma,Avery
Reta,Ternouth
Gardiner,Sedgefield
Amalia,Worts
Kippy,Roswarne
Star,Gillson
Mikey,Kattenhorn
Roosevelt,McNay
Scottie,Poundford
Demott,Exelby
Mathew,Acomb
Sylvan,Spick
Laughton,Hoffman
Danica,Gavriel
Lu,Burwood
Sidonia,Garlinge
Caroljean,Klagge
Kenyon,Martini
Vitia,Idwal Evans
Tana,Gemeau
Alisun,Kullmann
Mahalia,Pitford
Bridget,Bridat
Morlee,Blankhorn
Nikolaus,Cockett
Greer,Ebbins
Uta,Critten
Philipa,Blankenship
Kiele,MacNockater
Callida,Guare
Ina,Trudgian
Claiborn,Furzer
Pall,Linsay
Olivie,Ducaen
Sacha,Marsters
Bev,Peto
Torrey,Kiellor
Miguelita,Brabyn
Adella,Rossiter
Nicki,Bramley
Darcy,Quayle
Bobbee,Kinmond
Cordell,Hazelby
Gypsy,Ernshaw
Koressa,Thurske
Mattie,Gasson
Wells,Urwin
Quintana,Siehard
Hubie,Geffe
Junie,Behan
Adel,Bennion
Jo,Caughan
Lonnard,Mc Carrick
Joni,Tomkies
Goddard,Abrashkov
Abigael,Dawidowitsch
Meara,Hakes
Brett,Sket
Dolly,Trippitt
Gaelan,Rains
Casey,Gaskill
Lorie,Farebrother
Anastasie,Cambling
Lishe,Dabourne
Elicia,Riseam
Padget,Matsell
Anita,Krienke
Starla,Gepheart
Michelle,Towell
Gusta,Revance
Elden,Laban
Reta,Redding
Sidoney,Pieracci
Rob,Pheasey
Norina,Breffit
Kristofor,Marcham
Patric,Alves
Brittni,Gillino
Latrena,Roakes
Nathanael,Lathleiff
Esma,Pole
Mimi,Morin
Ellene,Thurlbourne
Linnea,Elliott
Clemens,Nudd
Aubrey,Heaysman
Dougie,Esson
Sibby,Atkinson
Goddard,Bowdrey
Ignaz,Lorand
Obadias,Borwick
Sigismond,Harfleet
Eleonora,Giff
Ginnie,McCard
Fred,Birrane
Lauretta,Nowell
Nyssa,Costi
Lebbie,Molineaux
Sheila,Corder
Golda,Salmond
Siobhan,Rouf
Matti,Darnell
Ed,Ginnety
Doroteya,Cudihy
Freddi,Springle
Flori,Poluzzi
Marmaduke,Scoffham
Marie-ann,Northway
Janeczka,Tumbelty
Elnar,Cordelle
Kerry,Hamlin
Audry,Redsull
Angelia,Moyes
Janna,Baudichon
Naomi,Mutlow
Shelley,Stanner
Gregorius,Paddick
Laure,McCambridge
Peri,Leiden
Truda,Rolin
Kelley,Stean
Dudley,Goatcher
Hastie,Rallings
Mill,Olerenshaw
Rubetta,Benedict
Shep,Abramamov
Lilas,Gresly
Klarika,Marquez
Vic,Limerick
Giuditta,Foskett
Saidee,Meddings
Myrwyn,Guidotti
Emelina,Maypes
Miner,Flaxman
Olag,Hoggan
Breena,Emilien
Hammad,Bruins
Emera,Calken
Giustina,Muffen
Shawn,Lanchbery
Arlyne,Barbie
Cesya,Swanson
Reagen,Laugharne
Phyllida,Claus
Mildrid,Bond
Arne,Brave
Taite,Bumford
Larina,Pawsey
Isaak,Tuson
Jobi,Rubinsaft
Hunfredo,Feeley
Berry,Nesfield
Rafaelita,Baldi
Remy,McKerrow
Zoe,Goodbody
Zorana,Mackison
Sorcha,Diboll
Hedwig,Innerstone
Caitlin,Bush
Zilvia,Corry
Derrik,Besse
Melina,Josse
Roman,Lamble
Charlotte,Ridsdole
Barbabas,Feldfisher
Iona,Kenrack
Trudie,Chapleo
Harry,Sibthorpe
Hewe,Prest
Lyda,Perico
Martelle,Sorey
Ollie,Trethowan
Prentice,Ferreira
Martina,Wakely
Vasilis,Reinbeck
Man,Cardiff
Wilton,Abrashkov
Guss,Gavan
Dre,Twiname
Carolann,Wycliffe
Oswald,Keefe
Noni,Philip
Richart,Waiton
Itch,Foxcroft
Trescha,Luparti
Ade,Aronow
Felicdad,Pitway
Ike,Hendrickson
Rania,Orto
Alasteir,Sawer
Kristofor,Omond
Chryste,MacGray
Richy,Donohue
Carla,Hainning
Roldan,Heakins
Constantino,Daye
Barb,Banister
Leoline,Waight
Jo,Bryant
Yanaton,Summerley
Celestia,Overy
Thaxter,Conerding
Linoel,Volett
Karoline,Glaysher
Breena,Winskill
Quintina,Fawlks
Lenci,Lovett
Benny,Abdee
Katrinka,Ziemen
Beret,Coaten
Lark,Hallewell
Korrie,Aarons
Vincent,Rawstron
Brod,Fraanchyonok
Isak,Boeter
Yard,Amey
Taddeo,Treves
Anthony,Yair
Ethel,Ashbolt
Aldridge,Pedgrift
Buddy,Hovel
Analiese,Amaya
Lothario,Wynne
Jaimie,Quarry
Joelly,Laterza
Marthe,Hurndall
Randall,Cammiemile
Lenard,Denholm
Etta,Grancher
Gian,Boich
Kerri,Lamy
Alister,Pannett
Tarra,Durtnell
Rudd,Stephens
Dollie,Manz
Lennie,Foukx
Herby,Wakeford
Sasha,Bloxholm
Tiena,Frissell
Ardelia,Casper
Alasdair,Adamiak
Clemmy,Grimshaw
Emmi,Servant
Noemi,Phillipps
Gabrila,Potteril
Morgana,Grimstead
Ania,Lebbon
Kathryn,Preon
Yuma,Froschauer
Lukas,Errichi
Judy,MacCartney
Titus,Meaders
Jemmy,Fend
Eda,Affron
Malvina,Mallord
Koressa,Safell
Waldon,Kuhnel
Teodorico,Goodwins
Kariotta,Silbermann
Shayla,Ceci
Estelle,Deroche
Veronique,De Gregorio
Dwight,MacNess
Kyrstin,Le Huquet
Archie,Dunford
Cheston,Collinge
Hedda,Long
Niccolo,Ryott
Augustina,Hacksby
Edin,Eady
Lisette,Cory
Prentice,Kunneke
Ashley,de Marco
Shem,Soot
Mata,Hardeman
Bran,Smardon
Lara,O'Heneghan
Vaughan,Dayer
Neal,Kringe
Mag,Dudden
Greg,McFadyen
Biddy,Leadley
Kaleena,Burhill
Gilly,Tuddall
Uriel,Ullrich
Lil,Oherlihy
Erik,Brotherhead
Andres,Kleynen
Lanni,Linnitt
Roseline,Malcolmson
Oswald,Strute
Rowen,Bynold
Kania,Redman
Morganica,Faldo
Daffi,Minney
Ave,Sisland
Billie,Cullip
Coleman,Redpath
Ingmar,Bostock
Humfried,Merrington
Ulric,Mucklow
Phylys,Duck
Ethelind,Morison
Drusi,Scrimshaw
Frasier,Aberkirder
Doria,Heynel
Finley,Daniaud
Valentin,McKyrrelly
Raymond,Gowrich
Marion,Perree
Freddy,Titherington
Philippe,Rojel
Corabella,Skiplorne
Jeff,Shattock
Cristi,Thurborn
Reginauld,Skyram
Lexy,Klimpke
Hilliard,Warder
Malvina,Conisbee
Renata,Mingaye
Glori,Asker
Agosto,Bernhart
Barclay,Osmant
Rodina,Duquesnay
Jeremiah,Rumbelow
Terrance,Giacomasso
Thorstein,Barrowcliff
Toma,Hounson
Sayre,Whitford
Saxe,Pennicott
Noel,Heffer
Carola,Prate
Roddy,Stathers
Elsie,Mabon
Holt,Grunwald
Tobi,Tait
Elora,Lovelock
Ase,Sealy
Phip,Skates
Oneida,Blackborne
Gwenny,Janaud
Ingeborg,Walder
Edithe,Littlejohns
Odella,Baitman
Juliette,Stainton
Cullie,Massimo
Pierson,Foster-Smith
Alena,Plom
Simeon,Frantzen
Celia,Orwin
Nessa,Esposita
Vanny,Brimmicombe
Louise,Tomsa
Arleyne,Priestnall
Osmund,Yukhov
Gabriel,Slemming
Etti,Jerrans
Alaster,Harkess
Sidonnie,De Mars
Gianna,Heaviside
Victor,Howchin
Patrizio,Bentsen
Arron,Moorhead
Jo,Culbert
Drusie,Kearsley
Piper,Wadhams
Melonie,Railton
Ula,Mompesson
Tull,Catterall
Les,Sleight
Rosene,Silman
Barbara-anne,Mardoll
Arleta,Le-Good
Eustace,Coite
Bernadette,McKeighan
Tracey,St Angel
Bale,Byrd
Cristina,Grenville
Sherye,Ghelarducci
Dolly,Dalinder
Sula,Streatley
Enid,Streets
Donnell,Iffland
Patrica,Cadamy
Simonne,Stowe
Yvette,Ventris
Virginie,Jimson
Wendye,Corby
Nikolia,Steet
Carolyn,Toleman
Tani,Aucourte
Karleen,Stormes
Hamilton,Timberlake
Jeni,Gascar
Frances,Peotz
Curtice,Middleditch
Georas,Dyster
Shelli,Ryott
Blinny,Gonin
Elihu,Alfonzo
Lindon,Ramey
Annadiane,Aburrow
Tiff,Jardin
Caryn,Gillyatt
Lonni,Walling
Michell,Lingley
Bevvy,De Gouy
Norah,Demcik
Karole,Kynge
Madonna,Burnes
Charisse,Yanuk
Kalila,Tomaello
Jodee,Shuxsmith
Marti,Gowanson
Cornelle,Teas
Loise,Ranaghan
Kimball,Lenchenko
Berri,Ferries
Alphard,Goose
Moyra,Ginner
Ritchie,Cuttelar
Ilyse,Kalker
Fifine,Ivens
Pauline,Pasterfield
Christen,Pedrollo
Karon,Way
Davon,Lutz
Timmy,Paraman
Daryn,Harradine
Giraud,Whittles
Cherin,Boobyer
Karna,Brabant
Shannen,Spacy
Marthena,Bronot
Ginnie,Rainford
Nettle,Shepeard
Terry,Hounsham
Guillemette,Jarret
Oona,Pleven
Knox,Noot
Cross,Finey
